<?xml version="1.0" encoding="UTF-8"?>
<export version="D">
  <design>
    <source>P:\Projects\PicoVGA\kicad\picovga\picovga.kicad_sch</source>
    <date>26/06/2021 22:29:03</date>
    <tool>Eeschema (5.99.0-8075-g8416c1fc37)</tool>
    <sheet number="1" name="/" tstamps="/">
      <title_block>
        <title/>
        <company/>
        <rev/>
        <date/>
        <source>picovga.kicad_sch</source>
        <comment number="1" value=""/>
        <comment number="2" value=""/>
        <comment number="3" value=""/>
        <comment number="4" value=""/>
        <comment number="5" value=""/>
        <comment number="6" value=""/>
        <comment number="7" value=""/>
        <comment number="8" value=""/>
        <comment number="9" value=""/>
      </title_block>
    </sheet>
  </design>
  <components>
    <comp ref="J0">
      <value>VGA_FEMALE</value>
      <datasheet> ~</datasheet>
      <libsource lib="Connector" part="DB15_Female_HighDensity_MountingHoles" description="15-pin female D-SUB connector, High density (3 columns), Triple Row, Generic, VGA-connector, Mounting Hole"/>
      <property name="Sheet name" value=""/>
      <property name="Sheet file" value="picovga.kicad_sch"/>
      <sheetpath names="/" tstamps="/"/>
      <tstamp>fb9eec4d-7fd3-4010-93cd-fb8ede1a382f</tstamp>
    </comp>
    <comp ref="R1">
      <value>4.02k</value>
      <datasheet>~</datasheet>
      <libsource lib="Device" part="R" description="Resistor"/>
      <property name="Sheet name" value=""/>
      <property name="Sheet file" value="picovga.kicad_sch"/>
      <sheetpath names="/" tstamps="/"/>
      <tstamp>201f3b3d-04dd-4fe7-9f1e-f7d1e8a9382f</tstamp>
    </comp>
    <comp ref="R2">
      <value>2k</value>
      <datasheet>~</datasheet>
      <libsource lib="Device" part="R" description="Resistor"/>
      <property name="Sheet name" value=""/>
      <property name="Sheet file" value="picovga.kicad_sch"/>
      <sheetpath names="/" tstamps="/"/>
      <tstamp>f6be934b-a925-4717-9025-b00f11a907a1</tstamp>
    </comp>
    <comp ref="R3">
      <value>1k</value>
      <datasheet>~</datasheet>
      <libsource lib="Device" part="R" description="Resistor"/>
      <property name="Sheet name" value=""/>
      <property name="Sheet file" value="picovga.kicad_sch"/>
      <sheetpath names="/" tstamps="/"/>
      <tstamp>a9daff22-7294-499d-ae5c-fd27dcdbf322</tstamp>
    </comp>
    <comp ref="R4">
      <value>499</value>
      <datasheet>~</datasheet>
      <libsource lib="Device" part="R" description="Resistor"/>
      <property name="Sheet name" value=""/>
      <property name="Sheet file" value="picovga.kicad_sch"/>
      <sheetpath names="/" tstamps="/"/>
      <tstamp>a6ed307d-f3a5-4ca0-a5d2-26c1ed46f3e8</tstamp>
    </comp>
    <comp ref="R5">
      <value>4.02k</value>
      <datasheet>~</datasheet>
      <libsource lib="Device" part="R" description="Resistor"/>
      <property name="Sheet name" value=""/>
      <property name="Sheet file" value="picovga.kicad_sch"/>
      <sheetpath names="/" tstamps="/"/>
      <tstamp>05947669-bed3-4459-8b91-5429e8cfb739</tstamp>
    </comp>
    <comp ref="R6">
      <value>2k</value>
      <datasheet>~</datasheet>
      <libsource lib="Device" part="R" description="Resistor"/>
      <property name="Sheet name" value=""/>
      <property name="Sheet file" value="picovga.kicad_sch"/>
      <sheetpath names="/" tstamps="/"/>
      <tstamp>afbec42c-b8d0-49d3-aa1e-4f08bcd7fe43</tstamp>
    </comp>
    <comp ref="R7">
      <value>1k</value>
      <datasheet>~</datasheet>
      <libsource lib="Device" part="R" description="Resistor"/>
      <property name="Sheet name" value=""/>
      <property name="Sheet file" value="picovga.kicad_sch"/>
      <sheetpath names="/" tstamps="/"/>
      <tstamp>26070bfb-68ef-4468-a9c8-cd69ce0487d3</tstamp>
    </comp>
    <comp ref="R8">
      <value>499</value>
      <datasheet>~</datasheet>
      <libsource lib="Device" part="R" description="Resistor"/>
      <property name="Sheet name" value=""/>
      <property name="Sheet file" value="picovga.kicad_sch"/>
      <sheetpath names="/" tstamps="/"/>
      <tstamp>1b8c1f4f-8b0f-48c0-bb79-423d2cc62d47</tstamp>
    </comp>
    <comp ref="R9">
      <value>4.02k</value>
      <datasheet>~</datasheet>
      <libsource lib="Device" part="R" description="Resistor"/>
      <property name="Sheet name" value=""/>
      <property name="Sheet file" value="picovga.kicad_sch"/>
      <sheetpath names="/" tstamps="/"/>
      <tstamp>ec4df9e9-144d-4dac-9864-16fecbd36a1d</tstamp>
    </comp>
    <comp ref="R10">
      <value>2k</value>
      <datasheet>~</datasheet>
      <libsource lib="Device" part="R" description="Resistor"/>
      <property name="Sheet name" value=""/>
      <property name="Sheet file" value="picovga.kicad_sch"/>
      <sheetpath names="/" tstamps="/"/>
      <tstamp>eb0a8bd0-afed-4706-808e-0f372ff8eeb0</tstamp>
    </comp>
    <comp ref="R11">
      <value>1k</value>
      <datasheet>~</datasheet>
      <libsource lib="Device" part="R" description="Resistor"/>
      <property name="Sheet name" value=""/>
      <property name="Sheet file" value="picovga.kicad_sch"/>
      <sheetpath names="/" tstamps="/"/>
      <tstamp>df1d6269-da7a-4ded-baf5-0717f1f575d7</tstamp>
    </comp>
    <comp ref="R12">
      <value>499</value>
      <datasheet>~</datasheet>
      <libsource lib="Device" part="R" description="Resistor"/>
      <property name="Sheet name" value=""/>
      <property name="Sheet file" value="picovga.kicad_sch"/>
      <sheetpath names="/" tstamps="/"/>
      <tstamp>fd85ccb5-1b40-4408-8ad2-f63eb747f1db</tstamp>
    </comp>
    <comp ref="R13">
      <value>50</value>
      <datasheet>~</datasheet>
      <libsource lib="Device" part="R" description="Resistor"/>
      <property name="Sheet name" value=""/>
      <property name="Sheet file" value="picovga.kicad_sch"/>
      <sheetpath names="/" tstamps="/"/>
      <tstamp>7e9e5e3c-6d24-4ce1-9bd1-ce4b1cc58612</tstamp>
    </comp>
    <comp ref="R14">
      <value>50</value>
      <datasheet>~</datasheet>
      <libsource lib="Device" part="R" description="Resistor"/>
      <property name="Sheet name" value=""/>
      <property name="Sheet file" value="picovga.kicad_sch"/>
      <sheetpath names="/" tstamps="/"/>
      <tstamp>56430f59-62e7-4ea9-a786-2acaa536b17b</tstamp>
    </comp>
    <comp ref="U0">
      <value>PICO_RP2040</value>
      <libsource lib="pico_rp2040" part="PICO_RP2040" description=""/>
      <property name="Sheet name" value=""/>
      <property name="Sheet file" value="picovga.kicad_sch"/>
      <sheetpath names="/" tstamps="/"/>
      <tstamp>a438225b-81cb-491e-8e6b-12454685c731</tstamp>
    </comp>
  </components>
  <libparts>
    <libpart lib="Connector" part="DB15_Female_HighDensity_MountingHoles">
      <description>15-pin female D-SUB connector, High density (3 columns), Triple Row, Generic, VGA-connector, Mounting Hole</description>
      <docs> ~</docs>
      <footprints>
        <fp>DSUB*Female*</fp>
      </footprints>
      <fields>
        <field name="Reference">J</field>
        <field name="Value">DB15_Female_HighDensity_MountingHoles</field>
        <field name="Datasheet"> ~</field>
      </fields>
      <pins>
        <pin num="0" name="~" type="passive"/>
        <pin num="1" name="~" type="passive"/>
        <pin num="2" name="~" type="passive"/>
        <pin num="3" name="~" type="passive"/>
        <pin num="4" name="~" type="passive"/>
        <pin num="5" name="~" type="passive"/>
        <pin num="6" name="~" type="passive"/>
        <pin num="7" name="~" type="passive"/>
        <pin num="8" name="~" type="passive"/>
        <pin num="9" name="~" type="passive"/>
        <pin num="10" name="~" type="passive"/>
        <pin num="11" name="~" type="passive"/>
        <pin num="12" name="~" type="passive"/>
        <pin num="13" name="~" type="passive"/>
        <pin num="14" name="~" type="passive"/>
        <pin num="15" name="~" type="passive"/>
      </pins>
    </libpart>
    <libpart lib="Device" part="R">
      <description>Resistor</description>
      <docs>~</docs>
      <footprints>
        <fp>R_*</fp>
      </footprints>
      <fields>
        <field name="Reference">R</field>
        <field name="Value">R</field>
        <field name="Datasheet">~</field>
      </fields>
      <pins>
        <pin num="1" name="~" type="passive"/>
        <pin num="2" name="~" type="passive"/>
      </pins>
    </libpart>
    <libpart lib="pico_rp2040" part="PICO_RP2040">
      <fields>
        <field name="Reference">U</field>
        <field name="Value">PICO_RP2040</field>
      </fields>
      <pins>
        <pin num="1" name="GP0" type="3state"/>
        <pin num="2" name="GP1" type="3state"/>
        <pin num="3" name="GND" type="input"/>
        <pin num="4" name="GP2" type="3state"/>
        <pin num="5" name="GP3" type="3state"/>
        <pin num="6" name="GP4" type="3state"/>
        <pin num="7" name="GP5" type="3state"/>
        <pin num="8" name="GND" type="input"/>
        <pin num="9" name="GP6" type="3state"/>
        <pin num="10" name="GP7" type="3state"/>
        <pin num="11" name="GP8" type="3state"/>
        <pin num="12" name="GP9" type="3state"/>
        <pin num="13" name="GND" type="input"/>
        <pin num="14" name="GP10" type="3state"/>
        <pin num="15" name="GP11" type="3state"/>
        <pin num="16" name="GP12" type="3state"/>
        <pin num="17" name="GP13" type="3state"/>
        <pin num="18" name="GND" type="input"/>
        <pin num="19" name="GP14" type="3state"/>
        <pin num="20" name="GP15" type="3state"/>
        <pin num="21" name="GP16" type="3state"/>
        <pin num="22" name="GP17" type="3state"/>
        <pin num="23" name="GND" type="input"/>
        <pin num="24" name="GP18" type="3state"/>
        <pin num="25" name="GP19" type="3state"/>
        <pin num="26" name="GP20" type="3state"/>
        <pin num="27" name="GP21" type="3state"/>
        <pin num="28" name="GND" type="input"/>
        <pin num="29" name="GP22" type="3state"/>
        <pin num="30" name="RUN" type="input"/>
        <pin num="31" name="GP26" type="3state"/>
        <pin num="32" name="GP27" type="3state"/>
        <pin num="33" name="GND" type="input"/>
        <pin num="34" name="GP28" type="3state"/>
        <pin num="35" name="ADC_VREF" type="power_out"/>
        <pin num="36" name="3V3" type="power_out"/>
        <pin num="37" name="3V3_EN" type="power_out"/>
        <pin num="38" name="GND" type="input"/>
        <pin num="39" name="VSYS" type="input"/>
        <pin num="40" name="VBUS" type="input"/>
      </pins>
    </libpart>
  </libparts>
  <libraries>
    <library logical="Connector">
      <uri>C:\Program Files (x86)\KiCad\share\kicad\library/Connector.kicad_sym</uri>
    </library>
    <library logical="Device">
      <uri>C:\Program Files (x86)\KiCad\share\kicad\library/Device.kicad_sym</uri>
    </library>
    <library logical="pico_rp2040">
      <uri>P:\Projects\PicoVGA\kicad\picovga\lib\pico_rp2040.lib</uri>
    </library>
  </libraries>
  <nets>
    <net code="1" name="B0">
      <node ref="R9" pin="1"/>
      <node ref="U0" pin="11" pinfunction="GP8"/>
    </net>
    <net code="2" name="B1">
      <node ref="R10" pin="1"/>
      <node ref="U0" pin="12" pinfunction="GP9"/>
    </net>
    <net code="3" name="B2">
      <node ref="R11" pin="1"/>
      <node ref="U0" pin="14" pinfunction="GP10"/>
    </net>
    <net code="4" name="B3">
      <node ref="R12" pin="1"/>
      <node ref="U0" pin="15" pinfunction="GP11"/>
    </net>
    <net code="5" name="G0">
      <node ref="R5" pin="1"/>
      <node ref="U0" pin="6" pinfunction="GP4"/>
    </net>
    <net code="6" name="G1">
      <node ref="R6" pin="1"/>
      <node ref="U0" pin="7" pinfunction="GP5"/>
    </net>
    <net code="7" name="G2">
      <node ref="R7" pin="1"/>
      <node ref="U0" pin="9" pinfunction="GP6"/>
    </net>
    <net code="8" name="G3">
      <node ref="R8" pin="1"/>
      <node ref="U0" pin="10" pinfunction="GP7"/>
    </net>
    <net code="9" name="GND">
      <node ref="J0" pin="0"/>
      <node ref="J0" pin="10"/>
      <node ref="J0" pin="5"/>
      <node ref="J0" pin="6"/>
      <node ref="J0" pin="7"/>
      <node ref="J0" pin="8"/>
      <node ref="J0" pin="9"/>
      <node ref="U0" pin="13" pinfunction="GND"/>
      <node ref="U0" pin="18" pinfunction="GND"/>
      <node ref="U0" pin="23" pinfunction="GND"/>
      <node ref="U0" pin="28" pinfunction="GND"/>
      <node ref="U0" pin="3" pinfunction="GND"/>
      <node ref="U0" pin="33" pinfunction="GND"/>
      <node ref="U0" pin="38" pinfunction="GND"/>
      <node ref="U0" pin="8" pinfunction="GND"/>
    </net>
    <net code="10" name="HSYNC">
      <node ref="J0" pin="13"/>
      <node ref="R13" pin="1"/>
    </net>
    <net code="11" name="Net-(R10-Pad2)">
      <node ref="R10" pin="2"/>
      <node ref="R11" pin="2"/>
      <node ref="R12" pin="2"/>
      <node ref="R9" pin="2"/>
    </net>
    <net code="12" name="Net-(R13-Pad2)">
      <node ref="R13" pin="2"/>
      <node ref="U0" pin="16" pinfunction="GP12"/>
    </net>
    <net code="13" name="Net-(R14-Pad1)">
      <node ref="R14" pin="1"/>
      <node ref="U0" pin="17" pinfunction="GP13"/>
    </net>
    <net code="14" name="R0">
      <node ref="R1" pin="1"/>
      <node ref="U0" pin="1" pinfunction="GP0"/>
    </net>
    <net code="15" name="R1">
      <node ref="R2" pin="1"/>
      <node ref="U0" pin="2" pinfunction="GP1"/>
    </net>
    <net code="16" name="R2">
      <node ref="R3" pin="1"/>
      <node ref="U0" pin="4" pinfunction="GP2"/>
    </net>
    <net code="17" name="R3">
      <node ref="R4" pin="1"/>
      <node ref="U0" pin="5" pinfunction="GP3"/>
    </net>
    <net code="18" name="VGA_B">
      <node ref="J0" pin="3"/>
    </net>
    <net code="19" name="VGA_G">
      <node ref="J0" pin="2"/>
      <node ref="R5" pin="2"/>
      <node ref="R6" pin="2"/>
      <node ref="R7" pin="2"/>
      <node ref="R8" pin="2"/>
    </net>
    <net code="20" name="VGA_R">
      <node ref="J0" pin="1"/>
      <node ref="R1" pin="2"/>
      <node ref="R2" pin="2"/>
      <node ref="R3" pin="2"/>
      <node ref="R4" pin="2"/>
    </net>
    <net code="21" name="VSYNC">
      <node ref="J0" pin="14"/>
      <node ref="R14" pin="2"/>
    </net>
    <net code="22" name="no_connect_22">
      <node ref="J0" pin="11"/>
    </net>
    <net code="23" name="no_connect_23">
      <node ref="J0" pin="12"/>
    </net>
    <net code="24" name="no_connect_24">
      <node ref="J0" pin="15"/>
    </net>
    <net code="25" name="no_connect_25">
      <node ref="J0" pin="4"/>
    </net>
    <net code="26" name="no_connect_26">
      <node ref="U0" pin="19" pinfunction="GP14"/>
    </net>
    <net code="27" name="no_connect_27">
      <node ref="U0" pin="20" pinfunction="GP15"/>
    </net>
    <net code="28" name="no_connect_28">
      <node ref="U0" pin="21" pinfunction="GP16"/>
    </net>
    <net code="29" name="no_connect_29">
      <node ref="U0" pin="22" pinfunction="GP17"/>
    </net>
    <net code="30" name="no_connect_30">
      <node ref="U0" pin="24" pinfunction="GP18"/>
    </net>
    <net code="31" name="no_connect_31">
      <node ref="U0" pin="25" pinfunction="GP19"/>
    </net>
    <net code="32" name="no_connect_32">
      <node ref="U0" pin="26" pinfunction="GP20"/>
    </net>
    <net code="33" name="no_connect_33">
      <node ref="U0" pin="27" pinfunction="GP21"/>
    </net>
    <net code="34" name="no_connect_34">
      <node ref="U0" pin="29" pinfunction="GP22"/>
    </net>
    <net code="35" name="no_connect_35">
      <node ref="U0" pin="30" pinfunction="RUN"/>
    </net>
    <net code="36" name="no_connect_36">
      <node ref="U0" pin="31" pinfunction="GP26"/>
    </net>
    <net code="37" name="no_connect_37">
      <node ref="U0" pin="32" pinfunction="GP27"/>
    </net>
    <net code="38" name="no_connect_38">
      <node ref="U0" pin="34" pinfunction="GP28"/>
    </net>
    <net code="39" name="no_connect_39">
      <node ref="U0" pin="35" pinfunction="ADC_VREF"/>
    </net>
    <net code="40" name="no_connect_40">
      <node ref="U0" pin="36" pinfunction="3V3"/>
    </net>
    <net code="41" name="no_connect_41">
      <node ref="U0" pin="37" pinfunction="3V3_EN"/>
    </net>
    <net code="42" name="no_connect_42">
      <node ref="U0" pin="39" pinfunction="VSYS"/>
    </net>
    <net code="43" name="no_connect_43">
      <node ref="U0" pin="40" pinfunction="VBUS"/>
    </net>
  </nets>
</export>
